"Product Id","Product Type","Product Nme",Sku,Količina,Cena
29,simple,"Samostoječi sušilec ECO za 45 steklenic",mp-st-ss45,0,"11,99 €"
32,simple,"Lonec 33l za kuhanje piva",mp-op-l33x,0,"61,07 €"
36,simple,"Sterilizator za steklenice AVVINATORE",mp-cl-sta,0,"11,99 €"
38,simple,"Jodova tinktura",mp-me-it,0,"8,00 €"
39,simple,"Uporaba mlinčka za mletje na kg",mp-os-nm,0,"1,00 €"
61,simple,"Ojačana cev 8/14mm - Corny (Cornellious) keg tm",mp-ck-oc814,0,"1,99 €"
65,simple,"Pipca kovinska - Corny (Cornellious) keg",mp-ck-pik,0,"49,99 €"
73,simple,"Pivovarske kvasovke Lallemand LalBrew® BRY-97, 11g",mp-by-lbry97,0,"3,99 €"
75,simple,"Hmelj CHINOOK T90 100g",mp-ho-chin,0,"5,45 €"
77,simple,"Mattmill dvojno dno 50l (fi 397mm)",mp-mm-pdd050,0,"66,15 €"
78,simple,"Čistilo in sterilizator - Chemipro San 100ml",mp-cl-cs0100,0,"7,99 €"
79,simple,"Zlati kronski zamaški 100 kom",mp-st-kz100,0,"1,59 €"
83,simple,"Hmelj Hallertau SAPHIR T90 100g",mp-ho-saph,0,"2,99 €"
85,simple,"Pivovarske kvasovke Lallemand LalBrew® Belle Saison, 11g, rok 12/2023",mp-by-lbs,0,"3,99 €"
86,simple,"Pivovarske kvasovke Lallemand LalBrew® Abbaye, 11g",mp-by-lab,0,"3,77 €"
99,simple,"Pivovarske kvasovke Lallemand LalBrew® Nottingham, 11g",mp-by-lno,0,"3,99 €"
101,simple,"CO2 jeklenka 2kg  - Corny (Cornellious) keg",mp-ck-bco2v,0,"109,49 €"
103,simple,"Špirala - Mattmill Läuterhexe/Lauterhelix 1000",mp-mm-lh1000,0,"29,90 €"
108,simple,"Zapirač za steklenice Colt",mp-st-colt,0,"21,99 €"
110,simple,"Stojalo za plastični konični vrelnik FastFerment ",mp-ff-ff30s,0,"39,99 €"
117,simple,"Mlečna kislina (80%) 100ml",mp-ad-la0100,0,"6,99 €"
118,simple,"Zbiralna posoda za plastični konični vrelnik FastFerment ",mp-ff-cb,0,"25,99 €"
123,simple,"Hmelj SUMMIT T90 100g",mp-ho-summ,0,"4,10 €"
124,simple,"Lonec 50l za kuhanje piva",mp-op-l50x,0,"79,35 €"
125,simple,"Grainfather G30",mp-gf-gfg30,0,"748,92 €"
132,simple,"Seiko tiskalnik SLP620EU",slp620eu,0,"95,62 €"
133,simple,"Seiko SLP-TRAY",slptray,0,"19,80 €"
135,simple,"Seiko SLP etikete MRL",slpmrl,0,"16,59 €"
138,simple,"Seiko SLP etikete 1RLB",slp1rlb,0,"33,56 €"
140,simple,"Seiko tiskalnik SLP650EU",slp650eu,0,"141,48 €"
141,simple,"Securetec DrugWipe 6S - hitri test na 6 drog iz vzorca sline",DW601S,0,"0,00 €"
142,simple,"Securetec DrugWipe 5A - univerzalni hitri test na 5 drog",sedw5a,0,"0,00 €"
143,simple,"Hmelj PALISADE T90 100g",mp-ho-pali,0,"1,49 €"
145,simple,"Hmelj SORACHI ACE T90 100g",mp-ho-soac,0,"0,99 €"
157,simple,"Grainfather Sparge Water Heater 18l",mp-gf-swh,0,"129,90 €"
158,simple,"Grainfather - High Performance Cleaner 500g.",mp-cl-gfhpc,0,"13,99 €"
159,simple,"Grainfather bakrena kupola za žganjekuho in bakreni kondezator (alembic) za žganjekuho - popravljen",mp-gf-cadc,0,"249,99 €"
168,simple,"Cassonade temni 500g",mp-sl-cd,0,"2,49 €"
169,simple,"Sodček s pipico Easykeg 5l",mp-pk-ek5,0,"8,00 €"
170,simple,"Čep s pipico za sodček Easykeg 5l",mp-pk-ek5c,0,"1,49 €"
171,simple,"Celoviti ekstrakt - Mangrove Jack's (Traditional Series) - Belgian Pale Ale",mp-ce-mjtsbpa,0,"13,99 €"
173,simple,"Grainfather - Košarica za hmelj - Hop Spider",mp-gf-hs,0,"39,99 €"
174,simple,"Tekoči sladni ekstrakt (LME) - Mangrove Jack's - svetli 1,5kg",mp-sl-lmemjl,0,"11,99 €"
175,simple,"Grainfather - Graincoat (termično ogrinjalo za Grainfather)",mp-gf-gc,0,"39,99 €"
176,simple,"Pivovarske kvasovke Mangrove Jack's - US West Coast (M44)",mp-by-mjm44,0,"2,69 €"
185,simple,"Still Spirits - Pure turbo kvasovke",mp-by-sspty,0,"4,99 €"
188,simple,"Črni kronski zamaški 100 kom",mp-st-kz100c,0,"2,89 €"
189,simple,"Hmelj FANTASIA T90 100g",mp-ho-fant,0,"5,39 €"
192,simple,"Cassonade srednji 500g",mp-sl-cm,0,"2,70 €"
193,simple,"Hmelj COLUMBUS T90 1kg",mp-ho-colu10,0,"26,99 €"
199,simple,"Pivovarske kvasovke Mangrove Jack's - Belgian Tripel (M31)",mp-by-mjm31,0,"3,09 €"
205,simple,"Hmelj MOUNT HOOD T90 100g",mp-ho-moho,0,"4,95 €"
207,simple,"Hmelj CRYSTAL T90 100g",mp-ho-crys,0,"4,98 €"
210,simple,"Celoviti ekstrakt - Mangrove Jack's (Cider) - Mixed Berry Cider",mp-ce-mjcimbc,0,"24,49 €"
211,simple,"Celoviti ekstrakt - Mangrove Jack's (Cider) - Pear Cider",mp-ce-mjcipc,0,"20,99 €"
213,simple,"Celoviti ekstrakt - Mangrove Jack's (Cider) - Blueberry Cider",mp-ce-mjcibc,0,"22,99 €"
214,simple,"Celoviti ekstrakt - Mangrove Jack's (Cider) - Passionfruit & Peach Cider No.5",mp-ce-mjcippc,0,"24,99 €"
216,simple,"Celoviti ekstrakt - Mangrove Jack's (Cider) - Raspberry & Mango Cider",mp-ce-mjcirmc,0,"24,49 €"
221,simple,"Pivski dodatki - Coopers Brew Enhancer 3",mp-sl-cobe3,0,"8,99 €"
223,simple,"Priključek za na cev fi 8mm - Corny (Cornellious) keg",mp-ck-p8mm,0,"11,99 €"
224,simple,"Hidrometer/areometer na 3 lestvice (sg, AV)",mp-me-imh,0,"5,99 €"
225,simple,"MP Starter Kit 11 - komplet za izdelavo piva",mp-op-fmp11,0,"19,99 €"
227,simple,"Špirala - Mattmill Läuterhexe/Lauterhelix 1800",mp-mm-lh1800,0,"44,15 €"
229,simple,"Mattmill dvojno dno 100l  (fi 497mm)",mp-mm-pdd100,0,"86,54 €"
231,simple,"Hmelj AMARILLO T90 1kg",mp-ho-amar10,0,"25,99 €"
232,simple,"Hmelj AMARILLO T90 5kg",mp-ho-amar50,0,"226,00 €"
234,simple,"Hmelj CITRA T90 5kg",mp-ho-citr50,0,"220,00 €"
235,simple,"Hmelj COLUMBUS T90 5kg",mp-ho-colu50,0,"122,39 €"
239,simple,"Ječmenovi kosmiči 1kg",mp-ad-fb,0,"1,99 €"
241,simple,"Riževe luščine 1kg",mp-ad-rl,0,"2,49 €"
245,simple,"Hmelj SPALTER SELECT T90 100g (2018)",mp-ho-spse,0,"0,99 €"
250,simple,"Hmelj POLARIS T90 100g ",mp-ho-pola,0,"0,99 €"
251,simple,"Pivovarske kvasovke Mangrove Jack's - Bohemian Lager (M84)",mp-by-mjm84,0,"3,89 €"
252,simple,"Kvasovke Mangrove Jack's - Mead (M05)",mp-by-mjm05,0,"1,99 €"
254,simple,"Grainfather - rezervni del - Top Flow Pipe (10286)",mp-gf-sptfp,0,"15,99 €"
255,simple,"Grainfather - rezervni del - Silikonsko tesnilo (10369)",mp-gf-sptbpps,0,"3,99 €"
256,simple,"Celoviti ekstrakt - Mangrove Jack's (Craft Series) - Irish Red Ale",mp-ce-mjcsira,0,"23,99 €"
257,simple,"Celoviti ekstrakt - Mangrove Jack's (Craft Series) - Pink Grapefruit IPA",mp-ce-mjcspgipa,0,"24,99 €"
258,simple,"Celoviti ekstrakt - Mangrove Jack's (Craft Series) - Bavarian Wheat",mp-ce-mjcsbw,0,"20,99 €"
259,simple,"Celoviti ekstrakt - Mangrove Jack's (Craft Series) - Chocolate Brown Ale",mp-ce-mjcscba,0,"19,99 €"
260,simple,"Tekoči sladni ekstrakt (LME) - Mangrove Jack's - amber",mp-sl-lmemja,0,"11,99 €"
261,simple,"Tekoči sladni ekstrakt (LME) - Mangrove Jack's - temni",mp-sl-lmemjd,0,"14,99 €"
263,simple,"Pivovarske kvasovke Lallemand LalBrew® London, 11g, rok 07/2023",mp-by-lesb,0,"3,49 €"
271,simple,"Knjiga - Ted Goldammer 'The Brewer's Handbook'",mp-bo-tbh,0,"69,99 €"
272,simple,"Mlečna kislina (80%) 250ml",mp-ad-la0250,0,"9,29 €"
273,simple,"Vrečka za za drozganje (Mashing bag) 50l",mp-op-mb050,0,"39,99 €"
276,simple,"Grainfather - dodatek - Micro Pipework (za 10l. sarže)",mp-gf-mp,0,"31,99 €"
277,simple,"Knjiga - Byron Ford 'Moonshine Made Simple'",mp-bo-mms,0,"14,99 €"
279,simple,"Grainfather - Corny nastavek za steklenice (Pressure Bottle Filler v.2)",mp-gf-pbf,0,"13,99 €"
280,simple,"Tekoči sladni ekstrakt (LME) - Mangrove Jack's - Light 1.2kg",mp-sl-lmemjre,0,"9,90 €"
281,simple,"Pivovarske kvasovke Mangrove Jack's - Cider (M02)",mp-by-mjm02,0,"2,59 €"
283,simple,"Celoviti ekstrakt - Mangrove Jack's (Craft Series) - Single Hopped Simcoe IPA",mp-ce-mjcsshipas,0,"24,99 €"
285,simple,"Celoviti ekstrakt - Mangrove Jack's (Traditional Series) - Dubbel",mp-ce-mjtsd,0,"15,99 €"
286,simple,"Magnetna mešalna palčka ",mp-op-emm,0,"2,99 €"
288,simple,"Točilni aparat Lindr KONTAKT 70/K Greenline",mp-li-k70k,0,"919,92 €"
295,simple,"Celoviti ekstrakt - Mangrove Jack's (Cider) - Elderflower & Lime Cider",mp-ce-mjciel,0,"23,99 €"
296,simple,"Hmelj STYRIAN EUREKA T90 100g",mp-ho-steu,0,"3,89 €"
298,simple,"Hmelj STYRIAN GOLD T90 100g",mp-ho-stgl,0,"1,99 €"
308,simple,"Pipca (kovinska) z corny priključkom",mp-ck-pik-1,0,"49,99 €"
323,simple,"Grainfather Konični fermentor PRO",mp-gf-sscf,0,"589,90 €"
324,simple,"Mali MP Starter Kit (MJ TS Belgian Pale Ale)",mp-op-fmp11x,0,"29,99 €"
326,simple,"Limonina lupina 100g",mp-ad-lp,0,"3,95 €"
327,simple,"Mlečna kislina (80%) 1l",mp-ad-la1000,0,"18,99 €"
328,simple,"Slad CARA 120 MD™ 25kg",mp-ma-mdc12025,0,"36,73 €"
337,simple,"Samodejni sifon za pretakanje s polnilno cevko (ferrari)",mp-op-fas,0,"8,99 €"
344,simple,"Čistilo - PBW Five Star 120g",mp-cl-pbwfs120,0,"5,99 €"
345,simple,"Čistilo - PBW Five Star 450g",mp-cl-pbwfs450,0,"11,99 €"
347,simple,"Hmelj BRAVO T90 100g",mp-ho-brav,0,"0,99 €"
348,simple,"Hmelj WARRIOR T90 1kg",mp-ho-warr,0,"9,99 €"
350,simple,"Podaljševalne noge za stojalo za plastični konični vrelnik FastFerment 53l",mp-ff-ff53s,0,"49,99 €"
352,simple,"Čistilo in sterilizator - Star San HB 3,78l",mp-cl-sshb3780,0,"75,95 €"
357,simple,"Hmelj CASCADE T90 5kg",mp-ho-casc50,0,"160,50 €"
366,simple,"Celoviti ekstrakt - Mangrove Jack's (Traditional Series) - Lucky Goat Pale Ale",mp-ce-mjtslgpa,0,"16,99 €"
368,simple,"Still Spirits - bakreni kondenzator za žganjekuho",mp-ss-t500cc,0,"289,99 €"
369,simple,"Still Spirits - EZ filter sistem",mp-os-ezfs,0,"55,19 €"
375,simple,"Grainfather - rezervni del - Zgornja perforirana plošča (10273)",mp-gf-tpp,0,"28,92 €"
376,simple,"Grainfather - rezervni del - Spodnja perforirana plošča (10274)",mp-gf-bpp,0,"28,92 €"
381,simple,"Hmelj MAGNUM T90 1kg",mp-ho-magn10,0,"21,39 €"
383,simple,"Pivovarske kvasovke Fermentis safbrew BE-256, 500g",mp-by-fbe256500,0,"64,99 €"
386,simple,"Mangrove Jack's Sanitizer/razkužilo 100g",mp-cl-mjs,0,"3,69 €"
387,simple,"Grainfather - Hladilni povezovalni komplet (za Konični fermentor PRO)",mp-gf-cfpk,0,"45,63 €"
388,simple,"Pivovarske kvasovke Lallemand LalBrew® Diamond, 11g",mp-by-ldi,0,"3,79 €"
391,simple,"Grainfather - Pretok pod pritiskom (za Konični fermentor PRO)",mp-gf-cfpt,0,"71,99 €"
392,simple,"Grainfather - Conical coat (termično ogrinjalo za Grainfather Konični fermentor PRO)",mp-gf-cfc,0,"56,15 €"
397,simple,"Suhi sladni ekstrakt (DME) - Extra Dark 500g",mp-sl-dmemued500,0,"7,99 €"
399,simple,"Mlinček za drobljenje zrnja - Brewferm",mp-op-mcb,0,"59,99 €"
409,simple,"Pivovarske kvasovke Fermentis safALE K-97, 500g, rok 11/2022",mp-by-fk975001,0,"48,45 €"
413,simple,"Hmelj HALLERTAU BLANC T90 100g",mp-ho-habl,0,"3,64 €"
414,simple,"Hmelj Hallertau Herkules T90 100g (2018)",mp-ho-hahe,0,"1,99 €"
415,simple,"Hmelj SOUTHERN CROSS T90 100g (2017)",mp-ho-socr,0,"5,72 €"
417,simple,"Hmelj Loral T90 100g (2017)",mp-ho-lora,0,"6,22 €"
418,simple,"Hmelj Waimea T90 100g (2017)",mp-ho-waim,0,"0,99 €"
419,simple,"Hmelj Topaz T90 100g (2018)",mp-ho-topa,0,"6,92 €"
420,simple,"Točilni aparat Lindr - bajonet KeyKeg (Dispense Head)",mp-li-dhkk,0,"47,58 €"
422,simple,"Brew Monk™ B50 Wifi",mp-sy-bmb50,0,"599,99 €"
428,simple,"Hmelj Enigma T90 100g",mp-ho-enig,0,"6,99 €"
429,simple,"Celoviti ekstrakt - Mangrove Jack's (Traditional Series) - Crossman's Gold Lager",mp-ce-mjtscgl,0,"18,99 €"
437,simple,"Hmelj HALLERTAU TRADITION T90 100g",mp-ho-hatr,0,"0,99 €"
439,simple,"Mlinček za drobljenje zrnja - Mattmill Master",mp-mm-mma,0,"224,77 €"
446,simple,"Celoviti ekstrakt - Mangrove Jack's (Craft Series) - Juicy Session IPA",mp-ce-mjcsjsipa,0,"25,99 €"
448,simple,"Classic pretočni filter za pivo",mp-os-cbf,0,"29,99 €"
450,simple,"Zelišča za Gin - stil : London dry",mp-ss-bldg,0,"3,99 €"
452,simple,"Zelišča za Gin - stil : GIn z mentovini lističi",mp-ss-bmlg,0,"6,15 €"
454,simple,"Encimi glukoamilaze 12g",mp-ad-ega,0,"2,39 €"
456,simple,"Točilni aparat Lindr KONTAKT 40 GreenLine",mp-li-k40gl,0,"700,52 €"
457,simple,"Točilni aparat Lindr - bajonet za Party Keg",mp-li-dhpk,0,"48,25 €"
459,simple,"Hranilo za pivovarske kvasovke Lallemand Servomyces, 10g",mp-by-ls10,0,"8,99 €"
460,simple,"Grainfather Wortometer",mp-gf-wm,0,"19,99 €"
461,simple,"Nadgradnja za samostoječi sušilec ECO za 9 steklenic ",mp-st-ss9,0,"1,49 €"
465,simple,"Mlečna kislina (80%) 5l",mp-ad-la5000,0,"44,99 €"
466,simple,"Pivovarske kvasovke Lallemand LalBrew™ New England, 11 g",mp-by-lne,0,"4,90 €"
476,simple,"Vreča za Grainfather (Storage bag)",mp-gf-sb,0,"22,99 €"
478,simple,"Pivovarske kvasovke Lallemand LalBrew® Köln, 11g",mp-by-lk,0,"3,39 €"
480,simple,"Grainfather G70",mp-gf-gfg70,0,"1.656,76 €"
481,simple,"Slad Castle Malting Chocolate",mp-ma-cmch,0,"1,71 €"
482,simple,"Celoviti ekstrakt - Mangrove Jack's (Craft Series) - Raspberry Berliner Weisse",mp-ce-mjcsrbw,0,"27,99 €"
483,simple,"Celoviti ekstrakt - Mangrove Jack's (Traditional Series) - Northern Star Bitter",mp-ce-mjtsnsb,0,"15,99 €"
488,simple,"Still Spirits - kvasovke za Gin 20g",mp-by-ssg20,0,"4,49 €"
489,simple,"Visokotemperaturni encimi alfa-amilaze 12g",mp-ad-eaa,0,"2,99 €"
492,simple,"Pivovarske kvasovke Lallemand LalBrew™ Voss, 11g",mp-by-lkv,0,"4,59 €"
493,simple,"Čistilo in sterilizator - Star San HB 118ml",mp-cl-sshb118,0,"7,99 €"
494,simple,"Čistilo in sterilizator - Star San HB 236ml",mp-cl-sshb236,0,"16,99 €"
495,simple,"Čistilo in sterilizator - Star San HB 473ml",mp-cl-sshb473,0,"24,99 €"
498,simple,"Celoviti ekstrakt - Mangrove Jack's (Traditional Series) - Saison",mp-ce-mjtss,0,"14,99 €"
500,simple,"Slad CHÂTEAU DISTILLING® (Castle Malting) 25kg",mp-ma-cmd25,0,"38,90 €"
509,simple,"Brew Monk™ B70 WiFi",mp-sy-bmb70,0,"699,99 €"
510,simple,"Kalup/model za sir 500g",mp-si-m4c0500,0,"21,99 €"
511,simple,"Ročna sirarska harfa - mala",mp-si-rhm,0,"24,99 €"
512,simple,"Čistilo in sterilizator - SaniClean Five Star 236 ml ",mp-cl-scfs236,0,"8,99 €"
513,simple,"Motorni komplet MattMill Master 230V",mp-mm-mmamk,0,"301,00 €"
514,simple,"Motorni komplet MattMill Kompakt 230V",mp-mm-mkomk,0,"249,99 €"
515,simple,"Celoviti ekstrakt - Mangrove Jack's (Cider) - Rosé Cider",mp-ce-mjcirc,0,"15,99 €"
518,simple,"Pivski dodatki - Mangrove Jack's Beer Enhancer 1",mp-sl-mjbe1,0,"9,49 €"
519,simple,"Pivski dodatki - Mangrove Jack's Beer Enhancer 2",mp-sl-mjbe2,0,"8,12 €"
521,simple,"Zapirač za steklenice Super 2000",mp-st-erzs2000,0,"21,99 €"
522,simple,"Celoviti ekstrakt - Mangrove Jack's (Craft Series) - Irish Stout",mp-ce-mjcsis,0,"21,99 €"
523,simple,"Protioksidacijski kronski zamaški 100 kom, srebrni",mp-st-kz100aos,0,"1,99 €"
531,simple,"Pivovarske kvasovke Lallemand LalBrew® Verdant IPA - 11 g",mp-by-lvipa,0,"4,82 €"
532,simple,"Brew Monk™ nerjavni konični vrelnik 55 l",mp-sy-bmssf55,0,"389,14 €"
536,simple,"Komplet za izdelavo kokosovega jogurta",mp-si-mmcyk,0,"19,85 €"
540,simple,"Mlinček za drobljenje zrnja - Mattmill Master z zbiralno posodo",mp-mm-mmab,0,"245,32 €"
542,simple,"Alcotec MegaPack 100L Turbo kvas",mp-at-mp100ty,0,"8,84 €"
543,simple,"Alcotec sadni turbo kvas / Fruit Turbo yeast",mp-at-fty,0,"3,84 €"
544,simple,"Alcotec Rum Turbo Yeast/kvas",mp-at-rty,0,"1,99 €"
545,simple,"Alcotec Whisky Turbo Yeast/kvas",mp-at-wty,0,"1,99 €"
546,simple,"Alcotec Single Strain Whisky/Whiskey Turbo Yeast/kvas",mp-at-sswty,0,"1,99 €"
547,simple,"Alcotec 48 Turbo Yeast/kvas",mp-at-48ty,0,"4,34 €"
549,simple,"Alcotec Classic T3 Turbo Yeast/kvas",mp-at-ct3ty,0,"1,99 €"
551,simple,"Alcotec α-Amylase Enzyme (encimi alfa amilaze)",mp-at-aae,0,"2,73 €"
552,simple,"Z Carbon Universal 205g",mp-at-pk,0,"2,99 €"
553,simple,"BB Spirits Alkohol meter",mp-at-bbalko,0,"5,99 €"
554,simple,"Celoviti ekstrakt - Mangrove Jack's (Craft Series) - Single Hopped Nelson Sauvin IPA",mp-ce-mjcsnsshipa,0,"23,99 €"
555,simple,"Celoviti ekstrakt - Mangrove Jack's (Craft Series) - Brut IPA",mp-ce-mjcsbipa,0,"22,59 €"
556,simple,"Kvasovke Mangrove Jack's - Hard Seltzer kvas",mp-by-mjhs,0,"2,30 €"
558,simple,"Sirilo (rennet) v prahu 25g",mp-si-rep,0,"7,98 €"
559,simple,"Lactoferm - Sirna kultura za 1l",mp-si-lf1,0,"5,99 €"
560,simple,"Mad Millie - Jogurtna kultura 5",mp-si-yc5,0,"4,99 €"
566,simple,"Celoviti ekstrakt - Mangrove Jack's (Craft Series) - Mango Pale Ale",mp-ce-mjcsmpa,0,"26,99 €"
567,simple,"Celoviti ekstrakt - Mangrove Jack's (Craft Series) - Single Hopped Citra IPA",mp-ce-mjcscshipa,0,"24,99 €"
569,simple,"Brew Monk™ Titan termično ogrinjalo",mp-sy-bmti,0,"39,99 €"
570,simple,"Suhi sladni ekstrakt (DME) - Hopped Light 500g",mp-sl-dmemuhl500,0,"7,99 €"
576,simple,"Brew Monk™ 40l",mp-sy-bm,0,"425,00 €"
577,simple,"Pivovarske kvasovke Mangrove Jack's - Kveik (M12) ",mp-by-mjm12,0,"4,99 €"
579,simple,"Pivovarske kvasovke Fermentis safBREW WB-06, 500g, (potekel rok 4/21)",mp-by-fwb06500-p,0,"55,61 €"
582,simple,"Slad  CHÂTEAU WHISKY LIGHT® (Castle Malting) 25kg",mp-ma-cmwl25,0,"43,50 €"
583,simple,"Slad CHÂTEAU ACID® (Castle Malting) - kisli 1kg",mp-ma-cmac,0,"1,95 €"
584,simple,"Slad CHÂTEAU SMOKED® (Castle Malting) - dimljeni 1kg",mp-ma-cmsm,0,"3,39 €"
588,simple,"Celoviti ekstrakt - Mangrove Jack's (Traditional Series) - Brez glutenski Pale Ale (gluten free)",mp-ce-mjtsgfpa,0,"23,99 €"
591,simple,"Pivovarske kvasovke Fermentis safBREW T-58, 500g",mp-by-ft58500,0,"37,68 €"
594,simple,"Celoviti ekstrakt - Mangrove Jack's (Craft Series) - Brez glutenski American Pale Ale",mp-ce-mjcsgfapa,0,"23,99 €"
595,simple,"Celoviti ekstrakt - Mangrove Jack's (Craft Series) - Pina Colager",mp-ce-mjcspcl,0,"25,99 €"
603,simple,"Točilni aparat Lindr - čistilni set za M-tip za dezinfekcijo",mp-li-csm,0,"172,99 €"
606,simple,"Knjiga - Aaron Hyde: 'How to Distill' ",mp-bo-htd,0,"29,99 €"
607,simple,"Celoviti ekstrakt - Mangrove Jack's (Craft Series) - Orange & Cinnamon Wit (Limited Edition)",mp-ce-mjcsocw,0,"28,99 €"
608,simple,"Kandiran sirup temni, 250ml",mp-sl-csld0250,0,"6,99 €"
609,simple,"Kandiran sirup temni, 1000ml",mp-sl-csld1000,0,"11,99 €"
611,simple,"Celoviti ekstrakt - Mangrove Jack's (Craft Series LE) - Single Hop Sabro IPA",mp-ce-mjcsshsipa,0,"24,99 €"
616,simple,"Hmelj El Dorado T90 100g (2021)",mp-ho-eldo-1,0,"4,99 €"
617,simple,"Hmelj FUGGLE T90 100g",mp-ho-fugg-2,0,"1,99 €"
618,simple,"Hmelj GALAXY T90 100g (2021)",mp-ho-gala-1,0,"5,99 €"
623,simple,"Pretočni filter za profesionalno rabo - Bouncer Pro Inline Filter for Professional Brewers",mp-os-mdbfp,0,"124,99 €"
630,simple,"Pivovarske kvasovke Mangrove Jack's - vinski kvas MA33",mp-by-mjm33,0,"2,49 €"
635,simple,"Slad CHÂTEAU Distilling (Castle Malting) , 25kg - rok 1.11.2023",mp-ma-cmd,0,"38,90 €"
636,simple,"Celoviti ekstrakt - Muntons (Premium) - Lager",mp-ce-muprla,0,"19,99 €"
638,simple,"Celoviti ekstrakt - Muntons (Premium) - Mexican Cerveza",mp-ce-muprmc,0,"19,99 €"
639,simple,"Celoviti ekstrakt - Muntons (Connoisseurs) - IPA Bitter",mp-ce-mucoipab,0,"21,99 €"
640,simple,"Celoviti ekstrakt - Muntons (Connoisseurs) - Export Pilsner",mp-ce-mucoep,0,"21,99 €"
652,simple,"Celoviti ekstrakt - Mangrove Jack's (Craft Series LE) - Hazy IPA",mp-ce-mjcshipa,0,"32,99 €"
654,simple,"Still Spirits Air Still",mp-ss-as,0,"199,99 €"
660,simple,"Regulator temperature Inkbird ITC-308",mp-sy-itc308,0,"56,99 €"
669,simple,"Pivovarske kvasovke Fermentis safALE K-97, 500g",mp-by-fk97500,0,"48,45 €"
